temp_bin,is_weekend,avg_beer_search
<20,0,10.272622484472043
<20,1,11.27156553846154
20-25,0,10.936029347826087
20-25,1,12.239959375
25-30,0,11.804168636363636
25-30,1,12.739475555555556
30+,0,13.833733
30+,1,14.371448000000001
