temp_bin,avg_beer_search
<0,10.668057906976745
0-10,10.271818736842105
10-20,10.818121704545455
20-25,11.27252741935484
25-30,12.075709354838708
30+,14.012971333333331
