weekday,avg_beer_search
Monday,9.747171923076921
Tuesday,10.190275384615386
Wednesday,10.560677547169812
Thursday,10.813052884615386
Friday,12.614007692307693
Saturday,13.195453653846156
Sunday,10.451833076923075
